name,location,description
Andhra University,Visakhapatnam,Offers undergraduate and postgraduate programs in engineering including computer science electronics and mechanical engineering 
Sri Venkateswara University ,Tirupati, Provides undergraduate and postgraduate programs in engineering including civil electrical and computer science 
JNTU Kakinada,Kakinada,Offers undergraduate and postgraduate programs in engineering including mechanical electrical and electronics 
 JNTU Anantapur,Anantapur,Provides undergraduate and postgraduate programs in engineering, including computer science, information technology, and electronics 
 JNTU Hyderabad , Hyderabad,Offers undergraduate and postgraduate programs in engineering, including civil mechanical and electrical 
 Gayatri Vidya Parishad College of Engineering , Visakhapatnam , Provides undergraduate programs in engineering, including computer science electronics and mechanical 
 Gayatri Vidya Parishad College of Engineering for Women , Visakhapatnam , Offers undergraduate programs in engineering including computer science information technology and electronics 
 VIT-AP University , Amaravati , Provides undergraduate and postgraduate programs in engineering, including computer science, electronics, and mechanical 
 SRM University , Amaravati , Offers undergraduate and postgraduate programs in engineering, including civil electrical and computer science 
 KL University , Vijayawada , Provides undergraduate and postgraduate programs in engineering, including computer science information technology and electronics 
 Vignan's Foundation for Science, Technology and Research , Guntur , Offers undergraduate and postgraduate programs in engineering, including mechanical electrical and electronics 
 Prasad V. Potluri Siddhartha Institute of Technology , Vijayawada , Provides undergraduate and postgraduate programs in engineering, including computer science information technology and electronics 
 Velagapudi Ramakrishna Siddhartha Engineering College , Vijayawada , Offers undergraduate programs in engineering including computer science electronics and mechanical 
 Usha Rama College of Engineering , Telaprolu , Provides undergraduate programs in engineering including computer science, information technology, and electronics 
 Gudlavalleru Engineering College , Gudlavalleru , Offers undergraduate programs in engineering including mechanical electrical and electronics 
 Dhanekula Institute of Engineering and Technology , Vijayawada , Provides undergraduate and postgraduate programs in engineering, including computer science, information technology, and electronics 
 Sri Vasavi Institute of Engineering and Technology , Pedana , Offers undergraduate programs in engineering, including computer science electronics and mechanical 
 Amalapuram Institute of Management Sciences and College of Engineering , Amalapuram , Provides undergraduate programs in engineering including computer science information technology, and electronics 
 Godavari Institute of Engineering and Technology , Rajahmundry , Offers undergraduate and postgraduate programs in engineering including mechanical electrical and electronics 
 Rajamahendri Institute of Engineering and Technology , Rajahmundry , Provides undergraduate and postgraduate programs in engineering including computer science information technology and electronics 
 Sri Sai Aditya Institute of Science and Technology , Surampalem , Offers undergraduate programs in engineering, including computer science, electronics, and mechanical 
 Aditya Engineering College , Surampalem , Provides undergraduate programs in engineering, including computer science, information technology, and electronics 
 Pragati Engineering College , Surampalem , Offers undergraduate programs in engineering, including mechanical, electrical, and electronics 
 Bonam Venkata Chalamayya Engineering College , Odalarevu , Provides undergraduate programs in engineering, including computer science, electronics, and mechanical 
 Sri Sai Ram Engineering College , Chennai , Offers undergraduate programs in engineering, including computer science, information technology, and electronics 
 Anil Neerukonda Institute of Technology and Sciences , Bheemunipatnam , Provides undergraduate programs in engineering, including mechanical, electrical, and electronics 
 GVP College of Engineering , Visakhapatnam , Offers undergraduate programs in engineering, including computer science, electronics, and mechanical 
 Avanthi Institute of Engineering and Technology , Makavarapalem , Provides undergraduate programs in engineering, including computer science, information technology, and electronics 
 Andhra University , Visakhapatnam , Offers undergraduate and postgraduate programs in engineering, including computer science, electronics, and mechanical engineering 
 ICFAI University , Hyderabad , Merit Scholarships | NAAC A+ Accredited | Top Recruiters : E&Y, CYENT, Nvidia, CISCO, Genpact, Amazon & many more 
 Jain University , Bangalore , 100% Placement Record | Highest CTC 42 LPA | NAAC A++ Accredited | Ranked #68 in India by NIRF Ranking 2023 
 Hindusthan College of Engineering & Tech , Coimbatore , Ranked #31 by Education World 
 Swarrnim Startup and Innovation University , Ahmedabad , Ranked in Top 50 university in all over India. 
 Alard University , Pune , 100% Placement in Top MNCs 
 MIT VPU , Pune , 63000+ Students | 100000+ Alumni | Recruiters: TCS, Indigo, Wildcraft etc 
 Amity University , Noida , Asia's Only University with the Highest US & UK Accreditation 
 JSS University , Noida , 170+ Recruiters Including Samsung, Zomato, LG, Adobe and many more | Highest CTC 47 LPA 
 Atlas SkillTech University , Mumbai , B.Tech Admissions 
 Vignan's Foundation for Science, Technology and Research , Guntur , Offers undergraduate and postgraduate programs in engineering, including mechanical, electrical, and electronics 
 Prasad V. Potluri Siddhartha Institute of Technology , Vijayawada , Provides undergraduate and postgraduate programs in engineering, including computer science, information technology, and electronics 
 Velagapudi Ramakrishna Siddhartha Engineering College , Vijayawada , Offers undergraduate programs in engineering, including computer science, electronics, and mechanical 
 Usha Rama College of Engineering , Telaprolu , Provides undergraduate programs in engineering, including computer science, information technology, and electronics 
 Gudlavalleru Engineering College , Gudlavalleru , Offers undergraduate programs in engineering, including mechanical, electrical, and electronics 
 Dhanekula Institute of Engineering and Technology , Vijayawada , Provides undergraduate and postgraduate programs in engineering, including computer science, information technology, and electronics 
 Sri Vasavi Institute of Engineering and Technology , Pedana , Offers undergraduate programs in engineering, including computer science, electronics, and mechanical 
 Amalapuram Institute of Management Sciences and College of Engineering , Amalapuram , Provides undergraduate programs in engineering, including computer science, information technology, and electronics 
 Godavari Institute of Engineering and Technology , Rajahmundry , Offers undergraduate and postgraduate programs in engineering, including mechanical, electrical, and electronics 
 Rajamahendri Institute of Engineering and Technology , Rajahmundry , Provides undergraduate and postgraduate programs in engineering, including computer science, information technology, and electronics 
 Sri Vasavi Engineering College , Tadepalligudem , Offers undergraduate programs in engineering, including mechanical, electrical, and electronics 
 Rajiv Gandhi University of Knowledge Technologies (RGUKT), Nuzvid Srikakulam and Ongole,
RGUKT also known as IIIT was established to provide high-quality engineering education to rural youth in Andhra Pradesh. The campuses focus on an integrated six-year engineering program, starting after the 10th grade blending pre-university and engineering studies.
QIS College of Engineering and Technology, Ongole Prakasam District,Affiliated with JNTU Kakinada, QIS College offers various undergraduate and postgraduate engineering courses. It’s known for its infrastructure and industry-focused curriculum, with a strong emphasis on skill development and placements.
Chaitanya Bharathi Institute of Technology (CBIT), Proddatur Kadapa District,
CBIT is a well-reputed institution affiliated with JNTU Anantapur. It offers several engineering disciplines and is known for a strong academic environment with an emphasis on practical training and good placement opportunities.
Kallam Haranadha Reddy Institute of Technology (KHIT),Guntur,KHIT is affiliated with JNTU Kakinada and is known for its emphasis on quality education, practical training, and skill development. The institute offers various engineering programs and has a good placement record with industry connections.
Swarnandhra College of Engineering and Technology (SCET),Narsapuram West Godavari District,
Affiliated with JNTU Kakinada, SCET provides engineering education with a focus on holistic development. The campus has advanced labs, a strong faculty, and placement support to assist students in launching successful careers.
Chirala Engineering College (CEC),Chirala Prakasam District CEC offers a variety of engineering disciplines under the affiliation of JNTU Kakinada. The college focuses on practical knowledge, with facilities for hands-on learning, and offers placement support through its industry connections.
 Sanketika Vidya Parishad Engineering College,Visakhapatnam
Affiliated with JNTU Kakinada, Sanketika Vidya Parishad is known for its student-centered learning approach and robust technical programs. It has strong facilities and a focus on placements, preparing students for both regional and global careers.
 Annamacharya Institute of Technology & Sciences (AITS),Rajampet, Kadapa District
Affiliated with JNTU Anantapur, AITS is a reputable institution offering various engineering programs. Known for its academic standards and faculty expertise, AITS provides a balanced approach to technical education and personal development.
Malineni Lakshmaiah Engineering College (MLEC), Singarayakonda, Prakasam District
MLEC, affiliated with JNTU Kakinada, is recognized for its infrastructure and emphasis on career development. The college offers several engineering disciplines and focuses on a curriculum that prepares students for real-world challenges.
MVR College of Engineering and Technology,Vijayawada,
Affiliated with JNTU Kakinada, MVR College offers programs in various engineering branches. The college is known for quality instruction, modern facilities, and a strong placement cell, helping students build successful careers in engineering.
Krishna University College of Engineering and Technology,Machilipatnam Krishna District,
Part of Krishna University, this college offers engineering courses with a focus on both traditional and advanced areas of technology. The institution is recognized for providing quality education and a strong support system for students' career growth.
A.K.R.G College of Engineering & Technology, Nallajerla, West Godavari District”,Affiliated with JNTU Kakinada, A.K.R.G College offers undergraduate and postgraduate engineering programs. The institution emphasizes quality education, skill-based learning, and provides ample placement support.
Vasavi College of Engineering (VCE),Kadapa,VCE is known for offering engineering programs that focus on both academic learning and practical application. With affiliations to JNTU Anantapur, it provides robust facilities and career support service
Siddharth Institute of Engineering and Technology (SIET), PutturChittoor District,
Affiliated with JNTU Anantapur, SIET offers quality engineering programs with a focus on practical skills and industry-ready training. Known for its faculty and placement services, it provides a good environment for learning and career development.
Nimra College of Engineering and Technology (NCET), Vijayawada,
NCET is affiliated with JNTU Kakinada and offers various engineering disciplines. It emphasizes skill development, practical exposure, and hands-on training with modern infrastructure to prepare students for the industry.St. Ann’s College of Engineering and Technology (SACET)”,”Chirala, Prakasam District”,
SACET, affiliated with JNTU Kakinada, offers a variety of engineering courses. Known for its experienced faculty and good placement opportunities, the college focuses on providing students with a strong technical foundation and professional skills.
 
SRKR Engineering College,Bhimavaram West Godavari District,
SRKR is one of the top private engineering colleges affiliated with JNTU Kakinada. Known for its academic excellence, it offers well-rounded programs with excellent faculty, infrastructure, and placement opportunities.

 VITS Engineering College (VIT),Sontyam Visakhapatnam
VITS is known for its student-centric approach, providing a range of engineering disciplines with a practical focus. The college offers facilities for hands-on learning and collaborates with industries to provide strong placement support.

 Dr. Samuel George Institute of Engineering & Technology,Markapur Prakasam District,
This institute is affiliated with JNTU Kakinada and offers undergraduate and postgraduate engineering programs. It focuses on academic quality and skill development, aiming to enhance students' employability and technical abilities.

Madhira Institute of Technology & Science (MITS)”,”Kodad, Suryapet District (borderingAndhraPradesh),Affiliated with JNTU Hyderabad, MITS offers engineering programs that focus on practical application and industry-oriented education. It is known for providing good placements and campus facilities.

PACE Institute of Technology & Sciences, Ongole Prakasam District,
PACE is affiliated with JNTU Kakinada and is known for its infrastructure, experienced faculty, and focus on research and development. The institute provides strong placement support and collaborates with industries to offer practical training.

NBKR Institute of Science & Technology (NBKRIST),Vidyanagar, Nellore District,
NBKRIST, affiliated with JNTU Anantapur, is known for its academic quality and supportive campus environment. It offers a range of engineering courses with an emphasis on practical skills, research, and placement assistance.

KSRM College of Engineering,Kadapa,
KSRM College is affiliated with JNTU Anantapur and offers various engineering courses. It has a strong reputation for quality education, experienced faculty, and good campus facilities, including placement support for students.
Vemu Institute of Technology,Chittoor, Vemu Institute, affiliated with JNTU Anantapur, provides engineering programs in multiple disciplines. The college focuses on student-centered learning and skill-building, with strong emphasis on campus placements.

Avanthi Institute of Engineering & Technology,Vishakapatnam and Vizianagaram,
This institute is affiliated with JNTU Kakinada, offering various engineering disciplines with modern facilities. Avanthi focuses on both academics and skill development, preparing students for competitive job markets.

Aaditya Institute of Technology and Management (AITAM),Tekkali Srikakulam District,
AITAM is affiliated with JNTU Kakinada and is known for quality technical education. The college offers a range of engineering programs and provides students with placement support, research opportunities, and modern campus facilities.

Sri Venkatesa Perumal College of Engineering & Technology (SVPCET),”Puttur, Chittoor District”,
 Affiliated with JNTU Anantapur, SVPCET offers various engineering programs and focuses on providing students with practical knowledge and skills. The college supports placements and industry exposure for students.

Nova College of Engineering and Technology,Jangareddygudem West Godavari District,
Nova College, affiliated with JNTU Kakinada, provides engineering courses in several specializations. Known for its campus facilities and support services, it aims to deliver well-rounded engineering education with placement assistance.
These colleges contribute to Andhra Pradesh's diverse engineering education landscape, with most offering extensive academic support, skill development, and placement resources.

GIET Engineering College,Rajahmundry, GIET is affiliated with JNTU Kakinada and offers a variety of engineering programs. It’s known for modern infrastructure, experienced faculty, and good placement opportunities, making it a popular choice for technical education.

 Annamacharya Institute of Technology and Sciences (AITS),Tirupati, affiliated with JNTU Anantapur, AITS provides undergraduate and postgraduate engineering programs. The college emphasizes quality education, technical skills, and offers placement support.
 Vignan’s Institute of Information Technology (VIIT),Visakhapatnam, VIIT is affiliated with JNTU Kakinada. Known for its strong academic standards and focus on skill-based education, it provides various engineering disciplines along with good placement support.

Pragati Engineering College,Surampalem, Pragati is affiliated with JNTU Kakinada and offers a wide range of engineering courses. It emphasizes practical training, with a strong placement record and industry connections.

Sri Mittapalli College of Engineering,Guntur, this college is affiliated with JNTU Kakinada. Known for its experienced faculty and good campus infrastructure, it focuses on technical skills and career development.

Bapatla Engineering College (BEC)”,”Bapatla, Guntur District”, BEC is affiliated with Acharya Nagarjuna University. One of the oldest private engineering colleges in the region, BEC is known for its academic rigor, infrastructure, and placements.

Vasireddy Venkatadri Institute of Technology (VVIT),Nambur, VVIT is affiliated with JNTU Kakinada. It offers a range of engineering courses and is known for quality education, modern facilities, and good placement support.
 
Chebrolu Engineering College,Guntur, this college is affiliated with JNTU Kakinada. It provides engineering programs with an emphasis on industry-relevant skills and offers placement support.

Sri Padmavati Mahila Visvavidyalayam (SPMVV),Tirupati, SPMVV is a women’s university that offers engineering programs for women and is affiliated with JNTU Anantapur. Known for its supportive environment and facilities, it offers placements and industry partnerships.

Sree Rama Engineering College (SREC),Tirupati, affiliated with JNTU Anantapur, SREC offers several engineering disciplines and is known for its emphasis on student-centered learning, industry exposure, and placements.

Gayatri Vidya Parishad College of Engineering for Women (GVPCEW),Visakhapatnam, GVPCEW is an engineering college dedicated to women, affiliated with JNTU Kakinada. It provides a variety of engineering programs, with an emphasis on quality education, skill development, and placement support.

Chadalawada Ramanamma Engineering College (CREC),Tirupati, CREC is affiliated with JNTU Anantapur. Known for its campus facilities, CREC offers various engineering disciplines with a focus on practical training and placements.

VSM College of Engineering,Ramachandrapuram East Godavari District, affiliated with JNTU Kakinada, VSM offers engineering programs that focus on academic and practical knowledge with a placement cell for career support.

Gokula Krishna College of Engineering,Sullurpet, affiliated with JNTU Anantapur, Gokula Krishna College offers a range of engineering programs with a focus on practical skills and good placement services.



